<Backups xmlns="http://www.microsoft.com/GroupPolicy/GPOOperations/Manifest" xmlns:mfst="http://www.microsoft.com/GroupPolicy/GPOOperations/Manifest" mfst:version="1.0"><BackupInst><GPOGuid><![CDATA[{8A3C4D17-BB7B-4943-87F4-997555DC14CC}]]></GPOGuid><GPODomain><![CDATA[sos.lan]]></GPODomain><GPODomainGuid><![CDATA[{89a6e0cf-7bb3-4c97-9bd9-ed7bd5d40b36}]]></GPODomainGuid><GPODomainController><![CDATA[SOSDC1.sos.lan]]></GPODomainController><BackupTime><![CDATA[2021-08-23T19:30:40]]></BackupTime><ID><![CDATA[{8EB0C646-C46F-41F3-ADCC-417C8111AD43}]]></ID><Comment><![CDATA[]]></Comment><GPODisplayName><![CDATA[SOS - Branding]]></GPODisplayName></BackupInst></Backups>