<BackupInst xmlns="http://www.microsoft.com/GroupPolicy/GPOOperations/Manifest"><GPOGuid><![CDATA[{5C67CC7A-A179-44A7-8726-85E4C3AD6A32}]]></GPOGuid><GPODomain><![CDATA[sos.lan]]></GPODomain><GPODomainGuid><![CDATA[{0069038d-2ece-441b-81b7-6f6254c1b9b8}]]></GPODomainGuid><GPODomainController><![CDATA[SOSDC1.sos.lan]]></GPODomainController><BackupTime><![CDATA[2020-08-17T06:51:16]]></BackupTime><ID><![CDATA[{729CA166-EA3B-4614-B8A6-776B0F58B7AA}]]></ID><Comment><![CDATA[]]></Comment><GPODisplayName><![CDATA[SOS FireFox STIG]]></GPODisplayName></BackupInst>
