<BackupInst xmlns="http://www.microsoft.com/GroupPolicy/GPOOperations/Manifest"><GPOGuid><![CDATA[{18333CE2-E7B1-46B1-9670-798BE564C48C}]]></GPOGuid><GPODomain><![CDATA[soc.lan]]></GPODomain><GPODomainGuid><![CDATA[{b817496b-720f-4d46-b41a-dea295bd0a30}]]></GPODomainGuid><GPODomainController><![CDATA[dc1.soc.lan]]></GPODomainController><BackupTime><![CDATA[2022-07-15T21:43:08]]></BackupTime><ID><![CDATA[{CBB670E0-EDAC-422C-915D-C9C6B940DF25}]]></ID><Comment><![CDATA[]]></Comment><GPODisplayName><![CDATA[DoD - Lync 2013]]></GPODisplayName></BackupInst>
