<Backups xmlns="http://www.microsoft.com/GroupPolicy/GPOOperations/Manifest" xmlns:mfst="http://www.microsoft.com/GroupPolicy/GPOOperations/Manifest" mfst:version="1.0"><BackupInst><GPOGuid><![CDATA[{7EE31C94-9E83-4772-9129-9F0CB05B866D}]]></GPOGuid><GPODomain><![CDATA[sos.lan]]></GPODomain><GPODomainGuid><![CDATA[{89a6e0cf-7bb3-4c97-9bd9-ed7bd5d40b36}]]></GPODomainGuid><GPODomainController><![CDATA[SOSDC1.sos.lan]]></GPODomainController><BackupTime><![CDATA[2021-08-23T19:30:39]]></BackupTime><ID><![CDATA[{A108D69C-46F9-4129-950B-F44C7D15DB61}]]></ID><Comment><![CDATA[]]></Comment><GPODisplayName><![CDATA[DoD - Access 2016]]></GPODisplayName></BackupInst></Backups>