<Backups xmlns="http://www.microsoft.com/GroupPolicy/GPOOperations/Manifest" xmlns:mfst="http://www.microsoft.com/GroupPolicy/GPOOperations/Manifest" mfst:version="1.0"><BackupInst><GPOGuid><![CDATA[{61A1C074-DA8C-403E-97B2-22CCCEDA461B}]]></GPOGuid><GPODomain><![CDATA[sos.lan]]></GPODomain><GPODomainGuid><![CDATA[{89a6e0cf-7bb3-4c97-9bd9-ed7bd5d40b36}]]></GPODomainGuid><GPODomainController><![CDATA[SOSDC1.sos.lan]]></GPODomainController><BackupTime><![CDATA[2021-08-23T19:30:36]]></BackupTime><ID><![CDATA[{A6F22114-D6AE-4E2A-AD57-415BF2CEF3E6}]]></ID><Comment><![CDATA[]]></Comment><GPODisplayName><![CDATA[DoD - Project 2013]]></GPODisplayName></BackupInst></Backups>