<BackupInst xmlns="http://www.microsoft.com/GroupPolicy/GPOOperations/Manifest"><GPOGuid><![CDATA[{8DCB1488-FC7B-4232-854B-076F79C2A961}]]></GPOGuid><GPODomain><![CDATA[sos.lan]]></GPODomain><GPODomainGuid><![CDATA[{89a6e0cf-7bb3-4c97-9bd9-ed7bd5d40b36}]]></GPODomainGuid><GPODomainController><![CDATA[SOSDC1.sos.lan]]></GPODomainController><BackupTime><![CDATA[2021-08-23T19:30:42]]></BackupTime><ID><![CDATA[{E7E4FDC8-E8AA-4679-8F7B-FB7E1174591A}]]></ID><Comment><![CDATA[]]></Comment><GPODisplayName><![CDATA[DoD - Outlook 2016]]></GPODisplayName></BackupInst>
