<BackupInst xmlns="http://www.microsoft.com/GroupPolicy/GPOOperations/Manifest"><GPOGuid><![CDATA[{CCD3AC4B-26CB-4601-A473-D57B7E282ED0}]]></GPOGuid><GPODomain><![CDATA[sos.lan]]></GPODomain><GPODomainGuid><![CDATA[{89a6e0cf-7bb3-4c97-9bd9-ed7bd5d40b36}]]></GPODomainGuid><GPODomainController><![CDATA[SOSDC1.sos.lan]]></GPODomainController><BackupTime><![CDATA[2021-08-23T19:30:45]]></BackupTime><ID><![CDATA[{63D46942-F2DD-4332-BEA2-12405C0D7954}]]></ID><Comment><![CDATA[]]></Comment><GPODisplayName><![CDATA[NSACyber - Applocker (Enforced)]]></GPODisplayName></BackupInst>
