<BackupInst xmlns="http://www.microsoft.com/GroupPolicy/GPOOperations/Manifest"><GPOGuid><![CDATA[{31584681-7405-4CAB-A98E-D504C9DAF628}]]></GPOGuid><GPODomain><![CDATA[sos.lan]]></GPODomain><GPODomainGuid><![CDATA[{89a6e0cf-7bb3-4c97-9bd9-ed7bd5d40b36}]]></GPODomainGuid><GPODomainController><![CDATA[SOSDC1.sos.lan]]></GPODomainController><BackupTime><![CDATA[2021-08-23T20:58:48]]></BackupTime><ID><![CDATA[{C9B10D41-745C-4876-A6D5-301AE4506570}]]></ID><Comment><![CDATA[]]></Comment><GPODisplayName><![CDATA[DoD - Chromium Edge]]></GPODisplayName></BackupInst>
