<Backups xmlns="http://www.microsoft.com/GroupPolicy/GPOOperations/Manifest" xmlns:mfst="http://www.microsoft.com/GroupPolicy/GPOOperations/Manifest" mfst:version="1.0"><BackupInst><GPOGuid><![CDATA[{2A3F8702-AA6B-444C-B26B-105DDC63260F}]]></GPOGuid><GPODomain><![CDATA[soc.lan]]></GPODomain><GPODomainGuid><![CDATA[{b817496b-720f-4d46-b41a-dea295bd0a30}]]></GPODomainGuid><GPODomainController><![CDATA[dc1.soc.lan]]></GPODomainController><BackupTime><![CDATA[2022-07-15T21:43:10]]></BackupTime><ID><![CDATA[{FBA412D1-D7F4-49D6-848C-CBFDC3250850}]]></ID><Comment><![CDATA[]]></Comment><GPODisplayName><![CDATA[DoD - Microsoft Chromium Edge]]></GPODisplayName></BackupInst></Backups>