<Backups xmlns="http://www.microsoft.com/GroupPolicy/GPOOperations/Manifest" xmlns:mfst="http://www.microsoft.com/GroupPolicy/GPOOperations/Manifest" mfst:version="1.0"><BackupInst><GPOGuid><![CDATA[{63BDD6FE-47DB-473F-A215-7D60A66E47B0}]]></GPOGuid><GPODomain><![CDATA[sos.lan]]></GPODomain><GPODomainGuid><![CDATA[{89a6e0cf-7bb3-4c97-9bd9-ed7bd5d40b36}]]></GPODomainGuid><GPODomainController><![CDATA[SOSDC1.sos.lan]]></GPODomainController><BackupTime><![CDATA[2021-08-23T19:30:36]]></BackupTime><ID><![CDATA[{EB9BDE71-4A4D-4A55-BF7A-5EC73B8D5DA8}]]></ID><Comment><![CDATA[]]></Comment><GPODisplayName><![CDATA[SOS - .NET Framework]]></GPODisplayName></BackupInst></Backups>