<BackupInst xmlns="http://www.microsoft.com/GroupPolicy/GPOOperations/Manifest"><GPOGuid><![CDATA[{37E28B52-F0F4-478C-BE52-85F99922EFAB}]]></GPOGuid><GPODomain><![CDATA[sos.lan]]></GPODomain><GPODomainGuid><![CDATA[{89a6e0cf-7bb3-4c97-9bd9-ed7bd5d40b36}]]></GPODomainGuid><GPODomainController><![CDATA[SOSDC1.sos.lan]]></GPODomainController><BackupTime><![CDATA[2021-08-23T19:30:18]]></BackupTime><ID><![CDATA[{E12CBC94-4D18-41FE-9571-13347C0EEEC8}]]></ID><Comment><![CDATA[]]></Comment><GPODisplayName><![CDATA[DoD - Excel 2013]]></GPODisplayName></BackupInst>
