<Backups xmlns="http://www.microsoft.com/GroupPolicy/GPOOperations/Manifest" xmlns:mfst="http://www.microsoft.com/GroupPolicy/GPOOperations/Manifest" mfst:version="1.0"><BackupInst><GPOGuid><![CDATA[{70DF283E-2861-4963-89A0-5BA30B9EDF4E}]]></GPOGuid><GPODomain><![CDATA[sos.lan]]></GPODomain><GPODomainGuid><![CDATA[{89a6e0cf-7bb3-4c97-9bd9-ed7bd5d40b36}]]></GPODomainGuid><GPODomainController><![CDATA[SOSDC1.sos.lan]]></GPODomainController><BackupTime><![CDATA[2021-08-23T19:30:38]]></BackupTime><ID><![CDATA[{16E0B7A9-8CC3-4289-81C9-E38361D983AA}]]></ID><Comment><![CDATA[]]></Comment><GPODisplayName><![CDATA[DoD - Access 2013]]></GPODisplayName></BackupInst></Backups>