<Backups xmlns="http://www.microsoft.com/GroupPolicy/GPOOperations/Manifest" xmlns:mfst="http://www.microsoft.com/GroupPolicy/GPOOperations/Manifest" mfst:version="1.0"><BackupInst><GPOGuid><![CDATA[{70CDCB39-EDC6-4757-A538-CD9FDDB11D12}]]></GPOGuid><GPODomain><![CDATA[sos.lan]]></GPODomain><GPODomainGuid><![CDATA[{89a6e0cf-7bb3-4c97-9bd9-ed7bd5d40b36}]]></GPODomainGuid><GPODomainController><![CDATA[SOSDC1.sos.lan]]></GPODomainController><BackupTime><![CDATA[2021-08-23T19:30:37]]></BackupTime><ID><![CDATA[{0CF59E99-5DA6-401D-B2D1-806D10C86F9F}]]></ID><Comment><![CDATA[]]></Comment><GPODisplayName><![CDATA[DoD - Addendum to Imported GPOs]]></GPODisplayName></BackupInst></Backups>