<Backups xmlns="http://www.microsoft.com/GroupPolicy/GPOOperations/Manifest" xmlns:mfst="http://www.microsoft.com/GroupPolicy/GPOOperations/Manifest" mfst:version="1.0"><BackupInst><GPOGuid><![CDATA[{8F6294E0-A921-440A-900E-9F62679DE54E}]]></GPOGuid><GPODomain><![CDATA[soc.lan]]></GPODomain><GPODomainGuid><![CDATA[{b817496b-720f-4d46-b41a-dea295bd0a30}]]></GPODomainGuid><GPODomainController><![CDATA[dc1.soc.lan]]></GPODomainController><BackupTime><![CDATA[2022-07-15T21:43:16]]></BackupTime><ID><![CDATA[{2A2AB595-D695-4DBA-AB76-A1EEC92BAF8B}]]></ID><Comment><![CDATA[]]></Comment><GPODisplayName><![CDATA[DoD - Windows Server 2016 DC - User]]></GPODisplayName></BackupInst></Backups>