<Backups xmlns="http://www.microsoft.com/GroupPolicy/GPOOperations/Manifest" xmlns:mfst="http://www.microsoft.com/GroupPolicy/GPOOperations/Manifest" mfst:version="1.0"><BackupInst><GPOGuid><![CDATA[{8FA852AB-9DAC-480E-A92A-F4D9377C095A}]]></GPOGuid><GPODomain><![CDATA[sos.lan]]></GPODomain><GPODomainGuid><![CDATA[{89a6e0cf-7bb3-4c97-9bd9-ed7bd5d40b36}]]></GPODomainGuid><GPODomainController><![CDATA[SOSDC1.sos.lan]]></GPODomainController><BackupTime><![CDATA[2021-08-23T19:30:42]]></BackupTime><ID><![CDATA[{09716CC9-0511-4C65-A3D9-EFC17847FD6B}]]></ID><Comment><![CDATA[]]></Comment><GPODisplayName><![CDATA[DoD - Windows Server 2016 MS - Computer]]></GPODisplayName></BackupInst></Backups>