<BackupInst xmlns="http://www.microsoft.com/GroupPolicy/GPOOperations/Manifest"><GPOGuid><![CDATA[{3B205C1B-96DA-420F-AB42-31514B929AE4}]]></GPOGuid><GPODomain><![CDATA[sos.lan]]></GPODomain><GPODomainGuid><![CDATA[{89a6e0cf-7bb3-4c97-9bd9-ed7bd5d40b36}]]></GPODomainGuid><GPODomainController><![CDATA[SOSDC1.sos.lan]]></GPODomainController><BackupTime><![CDATA[2021-08-23T19:30:18]]></BackupTime><ID><![CDATA[{03E2C167-0EE9-4796-9988-2CD2A0D14B9B}]]></ID><Comment><![CDATA[]]></Comment><GPODisplayName><![CDATA[DoD - Visio 2016]]></GPODisplayName></BackupInst>
