<BackupInst xmlns="http://www.microsoft.com/GroupPolicy/GPOOperations/Manifest"><GPOGuid><![CDATA[{4D03AF30-2FB5-452F-982A-260D4AB59AB1}]]></GPOGuid><GPODomain><![CDATA[soc.lan]]></GPODomain><GPODomainGuid><![CDATA[{b817496b-720f-4d46-b41a-dea295bd0a30}]]></GPODomainGuid><GPODomainController><![CDATA[dc1.soc.lan]]></GPODomainController><BackupTime><![CDATA[2022-07-15T21:43:13]]></BackupTime><ID><![CDATA[{CB222448-1879-40EB-8907-EFCD7486AC11}]]></ID><Comment><![CDATA[]]></Comment><GPODisplayName><![CDATA[SOS - Device Guard]]></GPODisplayName></BackupInst>
