<BackupInst xmlns="http://www.microsoft.com/GroupPolicy/GPOOperations/Manifest"><GPOGuid><![CDATA[{CD680E47-F605-4869-ABF1-FCD428A1B8C6}]]></GPOGuid><GPODomain><![CDATA[soc.lan]]></GPODomain><GPODomainGuid><![CDATA[{b817496b-720f-4d46-b41a-dea295bd0a30}]]></GPODomainGuid><GPODomainController><![CDATA[dc1.soc.lan]]></GPODomainController><BackupTime><![CDATA[2022-07-15T21:43:22]]></BackupTime><ID><![CDATA[{18C259D4-983E-4CF4-A727-05B9FCA0B3EF}]]></ID><Comment><![CDATA[]]></Comment><GPODisplayName><![CDATA[SOS - Windows Defender Application Control - Enforced]]></GPODisplayName></BackupInst>
