<BackupInst xmlns="http://www.microsoft.com/GroupPolicy/GPOOperations/Manifest"><GPOGuid><![CDATA[{F9016AD0-63ED-4BBB-B464-6FC9C1126B7C}]]></GPOGuid><GPODomain><![CDATA[soc.lan]]></GPODomain><GPODomainGuid><![CDATA[{b817496b-720f-4d46-b41a-dea295bd0a30}]]></GPODomainGuid><GPODomainController><![CDATA[dc1.soc.lan]]></GPODomainController><BackupTime><![CDATA[2022-07-15T21:43:26]]></BackupTime><ID><![CDATA[{ACEF3169-F8C2-4B40-AE19-79DA116A14A8}]]></ID><Comment><![CDATA[]]></Comment><GPODisplayName><![CDATA[SOS - ActiveClient]]></GPODisplayName></BackupInst>
