<BackupInst xmlns="http://www.microsoft.com/GroupPolicy/GPOOperations/Manifest"><GPOGuid><![CDATA[{1628CC3F-07B9-4653-8540-E377A2A33099}]]></GPOGuid><GPODomain><![CDATA[soc.lan]]></GPODomain><GPODomainGuid><![CDATA[{b817496b-720f-4d46-b41a-dea295bd0a30}]]></GPODomainGuid><GPODomainController><![CDATA[dc1.soc.lan]]></GPODomainController><BackupTime><![CDATA[2022-07-15T21:43:08]]></BackupTime><ID><![CDATA[{C6760B5E-DC09-4F8C-B353-FC21B2E3CF93}]]></ID><Comment><![CDATA[]]></Comment><GPODisplayName><![CDATA[DoD - Mozilla FireFox]]></GPODisplayName></BackupInst>
