<Backups xmlns="http://www.microsoft.com/GroupPolicy/GPOOperations/Manifest" xmlns:mfst="http://www.microsoft.com/GroupPolicy/GPOOperations/Manifest" mfst:version="1.0"><BackupInst><GPOGuid><![CDATA[{E1009D1F-3E2E-4AC6-A163-CA2C85BB49DF}]]></GPOGuid><GPODomain><![CDATA[sos.lan]]></GPODomain><GPODomainGuid><![CDATA[{89a6e0cf-7bb3-4c97-9bd9-ed7bd5d40b36}]]></GPODomainGuid><GPODomainController><![CDATA[SOSDC1.sos.lan]]></GPODomainController><BackupTime><![CDATA[2021-08-23T19:30:46]]></BackupTime><ID><![CDATA[{F12427B9-9DD7-4665-B821-1ED6ECEA41C9}]]></ID><Comment><![CDATA[]]></Comment><GPODisplayName><![CDATA[SOS - Applocker Addendum]]></GPODisplayName></BackupInst></Backups>