<BackupInst xmlns="http://www.microsoft.com/GroupPolicy/GPOOperations/Manifest"><GPOGuid><![CDATA[{8BB32712-43D3-4A2F-B3BC-D03E256CE744}]]></GPOGuid><GPODomain><![CDATA[sos.lan]]></GPODomain><GPODomainGuid><![CDATA[{89a6e0cf-7bb3-4c97-9bd9-ed7bd5d40b36}]]></GPODomainGuid><GPODomainController><![CDATA[SOSDC1.sos.lan]]></GPODomainController><BackupTime><![CDATA[2021-08-23T19:30:41]]></BackupTime><ID><![CDATA[{F82E0BD1-8116-4F3C-8433-57B527101453}]]></ID><Comment><![CDATA[]]></Comment><GPODisplayName><![CDATA[DoD - Word 2013]]></GPODisplayName></BackupInst>
