<Backups xmlns="http://www.microsoft.com/GroupPolicy/GPOOperations/Manifest" xmlns:mfst="http://www.microsoft.com/GroupPolicy/GPOOperations/Manifest" mfst:version="1.0"><BackupInst><GPOGuid><![CDATA[{A1393657-7DDF-4096-ACC5-0D6E574B7335}]]></GPOGuid><GPODomain><![CDATA[sos.lan]]></GPODomain><GPODomainGuid><![CDATA[{0069038d-2ece-441b-81b7-6f6254c1b9b8}]]></GPODomainGuid><GPODomainController><![CDATA[SOSDC1.sos.lan]]></GPODomainController><BackupTime><![CDATA[2020-08-27T21:42:28]]></BackupTime><ID><![CDATA[{0C6CA945-B0DD-4CE6-99C3-90ED3BF5DFC1}]]></ID><Comment><![CDATA[]]></Comment><GPODisplayName><![CDATA[DoD - Adobe Reader Cont. - User]]></GPODisplayName></BackupInst><BackupInst><GPOGuid><![CDATA[{264003AD-DDCD-4C6A-BDD2-EB7FC193052F}]]></GPOGuid><GPODomain><![CDATA[sos.lan]]></GPODomain><GPODomainGuid><![CDATA[{0069038d-2ece-441b-81b7-6f6254c1b9b8}]]></GPODomainGuid><GPODomainController><![CDATA[SOSDC1.sos.lan]]></GPODomainController><BackupTime><![CDATA[2020-08-27T21:42:16]]></BackupTime><ID><![CDATA[{256C9417-4F54-497A-95BB-8F025DD47211}]]></ID><Comment><![CDATA[]]></Comment><GPODisplayName><![CDATA[DoD - Adobe Reader Cont. - Computer]]></GPODisplayName></BackupInst><BackupInst><GPOGuid><![CDATA[{6DA1376F-A214-4C6F-8991-A2B5453C0657}]]></GPOGuid><GPODomain><![CDATA[sos.lan]]></GPODomain><GPODomainGuid><![CDATA[{0069038d-2ece-441b-81b7-6f6254c1b9b8}]]></GPODomainGuid><GPODomainController><![CDATA[SOSDC1.sos.lan]]></GPODomainController><BackupTime><![CDATA[2020-08-27T21:42:12]]></BackupTime><ID><![CDATA[{8B435273-CCF4-41EF-A09D-F5450DCB14E4}]]></ID><Comment><![CDATA[]]></Comment><GPODisplayName><![CDATA[DoD - Adobe Reader Classic - User]]></GPODisplayName></BackupInst><BackupInst><GPOGuid><![CDATA[{A5111863-D63A-431F-A130-40C1CD7F3970}]]></GPOGuid><GPODomain><![CDATA[sos.lan]]></GPODomain><GPODomainGuid><![CDATA[{0069038d-2ece-441b-81b7-6f6254c1b9b8}]]></GPODomainGuid><GPODomainController><![CDATA[SOSDC1.sos.lan]]></GPODomainController><BackupTime><![CDATA[2020-08-27T21:42:04]]></BackupTime><ID><![CDATA[{0290D8C1-7EF6-49F1-AEC5-3B08BB1B5765}]]></ID><Comment><![CDATA[]]></Comment><GPODisplayName><![CDATA[DoD - Adobe Reader Classic - Computer]]></GPODisplayName></BackupInst></Backups>