<BackupInst xmlns="http://www.microsoft.com/GroupPolicy/GPOOperations/Manifest"><GPOGuid><![CDATA[{A133FE1F-D32F-4D11-AB78-4B6531F0C404}]]></GPOGuid><GPODomain><![CDATA[sos.lan]]></GPODomain><GPODomainGuid><![CDATA[{89a6e0cf-7bb3-4c97-9bd9-ed7bd5d40b36}]]></GPODomainGuid><GPODomainController><![CDATA[SOSDC1.sos.lan]]></GPODomainController><BackupTime><![CDATA[2021-08-23T19:30:43]]></BackupTime><ID><![CDATA[{982ADF56-C2C3-457C-9204-C162241A6AB6}]]></ID><Comment><![CDATA[]]></Comment><GPODisplayName><![CDATA[DoD - Publisher 2016]]></GPODisplayName></BackupInst>
