<?xml version="1.0" encoding="utf-8"?>
<Files clsid="{215B2E53-57CE-475c-80FE-9EEC14635851}"><File clsid="{50BE44C8-567A-4ed1-B1D0-9234FE1F38AF}" name="lockscreen.jpg" status="lockscreen.jpg" image="0" changed="2020-08-12 16:44:20" uid="{15FC3A19-7FDF-4566-BC84-7C0681A8A059}" bypassErrors="1"><Properties action="C" fromPath="C:\temp\Branding\wallpaper.jpg" targetPath="C:\Windows\Web\Screen\lockscreen.jpg" readOnly="0" archive="1" hidden="0"/><Filters><FilterRunOnce hidden="1" not="0" bool="AND" id="{C2DD344C-395B-4E6D-8301-5A12141B0183}"/>
		</Filters></File>
	<File clsid="{50BE44C8-567A-4ed1-B1D0-9234FE1F38AF}" name="lockscreen.jpg" status="lockscreen.jpg" image="2" changed="2020-08-12 16:44:24" uid="{055E140D-2C92-45DA-BCDB-8CF19EE0BC81}" bypassErrors="1"><Properties action="U" fromPath="C:\temp\Branding\wallpaper.jpg" targetPath="C:\Windows\Web\Screen\lockscreen.jpg" readOnly="0" archive="1" hidden="0" suppress="0"/></File>
	<File clsid="{50BE44C8-567A-4ed1-B1D0-9234FE1F38AF}" name="wallpaper.jpg" status="wallpaper.jpg" image="0" changed="2020-08-12 16:45:07" uid="{D0B1774A-F390-419F-A285-C0AB63B46163}" bypassErrors="1"><Properties action="C" fromPath="C:\temp\Branding\wallpaper.jpg" targetPath="C:\Windows\Web\Wallpaper\Theme1\wallpaper.jpg" readOnly="0" archive="1" hidden="0"/><Filters><FilterRunOnce hidden="1" not="0" bool="AND" id="{C6F420F8-222F-473C-AD2A-2860516903F2}"/>
		</Filters></File>
	<File clsid="{50BE44C8-567A-4ed1-B1D0-9234FE1F38AF}" name="wallpaper.jpg" status="wallpaper.jpg" image="2" changed="2020-08-12 16:45:10" uid="{F748E248-8084-4878-A5FA-BAD5736E1980}" bypassErrors="1"><Properties action="U" fromPath="C:\temp\Branding\wallpaper.jpg" targetPath="C:\Windows\Web\Wallpaper\Theme1\wallpaper.jpg" readOnly="0" archive="1" hidden="0" suppress="0"/></File>
	<File clsid="{50BE44C8-567A-4ed1-B1D0-9234FE1F38AF}" name="User.png" status="User.png" image="0" changed="2020-08-12 16:44:56" uid="{D84F150D-B6E8-4064-88A1-B605BB697894}" bypassErrors="1"><Properties action="C" fromPath="C:\temp\Branding\User.png" targetPath="C:\ProgramData\Microsoft\User Account Pictures\User.png" readOnly="0" archive="1" hidden="0"/><Filters><FilterRunOnce hidden="1" not="0" bool="AND" id="{68E0C22D-6D84-4074-AF06-828A2142D715}"/>
		</Filters></File>
	<File clsid="{50BE44C8-567A-4ed1-B1D0-9234FE1F38AF}" name="User.png" status="User.png" image="2" changed="2020-08-12 16:44:59" uid="{14E3FCDE-8BD8-4C80-A873-DFE36884D73E}" bypassErrors="1"><Properties action="U" fromPath="C:\temp\Branding\User.png" targetPath="C:\ProgramData\Microsoft\User Account Pictures\User.png" readOnly="0" archive="1" hidden="0" suppress="0"/><Filters/></File>
	<File clsid="{50BE44C8-567A-4ed1-B1D0-9234FE1F38AF}" name="User.bmp" status="User.bmp" image="0" changed="2020-08-12 16:44:44" uid="{BD63A8B9-6711-46FE-9E4F-504869032C1E}" bypassErrors="1"><Properties action="C" fromPath="C:\temp\Branding\User.bmp" targetPath="C:\ProgramData\Microsoft\User Account Pictures\User.bmp" readOnly="0" archive="1" hidden="0"/><Filters><FilterRunOnce hidden="1" not="0" bool="AND" id="{5BCF99D3-7EFE-4999-9108-8ABBE22FE2AB}"/>
		</Filters></File>
	<File clsid="{50BE44C8-567A-4ed1-B1D0-9234FE1F38AF}" name="User.bmp" status="User.bmp" image="2" changed="2020-08-12 16:44:47" uid="{BD457BE5-1FC3-44AB-B797-60C69BD6BB96}" bypassErrors="1"><Properties action="U" fromPath="C:\temp\Branding\User.bmp" targetPath="C:\ProgramData\Microsoft\User Account Pictures\User.bmp" readOnly="0" archive="1" hidden="0" suppress="0"/><Filters/></File>
	<File clsid="{50BE44C8-567A-4ed1-B1D0-9234FE1F38AF}" name="guest.png" status="guest.png" image="0" changed="2020-08-12 16:44:09" uid="{9A1E31FA-7FF5-48F1-AAB1-E0A94BE74D02}" bypassErrors="1"><Properties action="C" fromPath="C:\temp\Branding\guest.png" targetPath="C:\ProgramData\Microsoft\User Account Pictures\guest.png" readOnly="0" archive="1" hidden="0"/><Filters><FilterRunOnce hidden="1" not="0" bool="AND" id="{FDA53597-39D4-490A-A5E0-8C01FABE403C}"/>
		</Filters></File>
	<File clsid="{50BE44C8-567A-4ed1-B1D0-9234FE1F38AF}" name="guest.png" status="guest.png" image="2" changed="2020-08-12 16:44:13" uid="{2A9FE632-01FF-4024-A0D9-58F8A2111467}" bypassErrors="1"><Properties action="U" fromPath="C:\temp\Branding\guest.png" targetPath="C:\ProgramData\Microsoft\User Account Pictures\guest.png" readOnly="0" archive="1" hidden="0" suppress="0"/><Filters/></File>
	<File clsid="{50BE44C8-567A-4ed1-B1D0-9234FE1F38AF}" name="guest.bmp" status="guest.bmp" image="0" changed="2020-08-12 16:43:56" uid="{8123420A-81DA-4BF1-A310-9EFC7293DBA4}" bypassErrors="1"><Properties action="C" fromPath="C:\temp\Branding\guest.bmp" targetPath="C:\ProgramData\Microsoft\User Account Pictures\guest.bmp" readOnly="0" archive="1" hidden="0"/><Filters><FilterRunOnce hidden="1" not="0" bool="AND" id="{173BEA86-FD48-4EE6-BA38-42B1ABD1D410}"/>
		</Filters></File>
	<File clsid="{50BE44C8-567A-4ed1-B1D0-9234FE1F38AF}" name="guest.bmp" status="guest.bmp" image="2" changed="2020-08-12 16:44:01" uid="{37778CCA-A17A-4B06-8B2C-F4D30C606380}" bypassErrors="1"><Properties action="U" fromPath="C:\temp\Branding\guest.bmp" targetPath="C:\ProgramData\Microsoft\User Account Pictures\guest.bmp" readOnly="0" archive="1" hidden="0" suppress="0"/><Filters/></File>
	<File clsid="{50BE44C8-567A-4ed1-B1D0-9234FE1F38AF}" name="oemlogo.bmp" status="oemlogo.bmp" image="0" changed="2020-08-12 16:44:32" uid="{2E62A2A0-EBB8-4FE7-92C7-B42E55F007A1}" bypassErrors="1"><Properties action="C" fromPath="C:\temp\Branding\oemlogo.bmp" targetPath="C:\ProgramData\Microsoft\User Account Pictures\oemlogo.bmp" readOnly="0" archive="1" hidden="0"/><Filters><FilterRunOnce hidden="1" not="0" bool="AND" id="{7BBD3204-1F2D-4973-8624-3745BA266020}"/>
		</Filters></File>
	<File clsid="{50BE44C8-567A-4ed1-B1D0-9234FE1F38AF}" name="oemlogo.bmp" status="oemlogo.bmp" image="2" changed="2020-08-12 16:44:36" uid="{CB6C0063-65D0-4E76-820A-7C97A973DEFF}" bypassErrors="1"><Properties action="U" fromPath="C:\temp\Branding\oemlogo.bmp" targetPath="C:\ProgramData\Microsoft\User Account Pictures\oemlogo.bmp" readOnly="0" archive="1" hidden="0" suppress="0"/><Filters/></File>
	<File clsid="{50BE44C8-567A-4ed1-B1D0-9234FE1F38AF}" name="lockscreen.jpg" status="lockscreen.jpg" image="1" changed="2020-08-12 16:44:28" uid="{7C25F757-328F-43A7-9EA6-99F8823AF0C2}" bypassErrors="1"><Properties action="R" fromPath="C:\temp\Branding\wallpaper.jpg" targetPath="C:\Windows\Web\Screen\lockscreen.jpg" readOnly="0" archive="1" hidden="0" suppress="0"/></File>
	<File clsid="{50BE44C8-567A-4ed1-B1D0-9234FE1F38AF}" name="wallpaper.jpg" status="wallpaper.jpg" image="1" changed="2020-08-12 16:45:19" uid="{2CC84B0C-8AD4-435B-9E76-4D2B3086AC8A}" bypassErrors="1"><Properties action="R" fromPath="C:\temp\Branding\wallpaper.jpg" targetPath="C:\Windows\Web\Wallpaper\Theme1\wallpaper.jpg" readOnly="0" archive="1" hidden="0" suppress="0"/></File>
	<File clsid="{50BE44C8-567A-4ed1-B1D0-9234FE1F38AF}" name="User.png" status="User.png" image="1" changed="2020-08-12 16:45:03" uid="{78BBB29E-42BB-4D4E-9C23-2CE5368A9BF2}" bypassErrors="1"><Properties action="R" fromPath="C:\temp\Branding\User.png" targetPath="C:\ProgramData\Microsoft\User Account Pictures\User.png" readOnly="0" archive="1" hidden="0" suppress="0"/><Filters/></File>
	<File clsid="{50BE44C8-567A-4ed1-B1D0-9234FE1F38AF}" name="User.bmp" status="User.bmp" image="1" changed="2020-08-12 16:44:51" uid="{1C2B6838-C330-4A59-8894-E429C017124A}" bypassErrors="1"><Properties action="R" fromPath="C:\temp\Branding\User.bmp" targetPath="C:\ProgramData\Microsoft\User Account Pictures\User.bmp" readOnly="0" archive="1" hidden="0" suppress="0"/><Filters/></File>
	<File clsid="{50BE44C8-567A-4ed1-B1D0-9234FE1F38AF}" name="guest.png" status="guest.png" image="1" changed="2020-08-12 16:44:16" uid="{E1C805EA-B773-4A94-A4F4-02B8AD72663D}" bypassErrors="1"><Properties action="R" fromPath="C:\temp\Branding\guest.png" targetPath="C:\ProgramData\Microsoft\User Account Pictures\guest.png" readOnly="0" archive="1" hidden="0" suppress="0"/><Filters/></File>
	<File clsid="{50BE44C8-567A-4ed1-B1D0-9234FE1F38AF}" name="guest.bmp" status="guest.bmp" image="1" changed="2020-08-12 16:44:05" uid="{9BE186C0-C8B2-482F-888D-35DEA2E2A6CC}" bypassErrors="1"><Properties action="R" fromPath="C:\temp\Branding\guest.bmp" targetPath="C:\ProgramData\Microsoft\User Account Pictures\guest.bmp" readOnly="0" archive="1" hidden="0" suppress="0"/><Filters/></File>
	<File clsid="{50BE44C8-567A-4ed1-B1D0-9234FE1F38AF}" name="oemlogo.bmp" status="oemlogo.bmp" image="1" changed="2020-08-12 16:44:39" uid="{67405A47-4344-4E09-9675-3D3C7F74776D}" bypassErrors="1"><Properties action="R" fromPath="C:\temp\Branding\oemlogo.bmp" targetPath="C:\ProgramData\Microsoft\User Account Pictures\oemlogo.bmp" readOnly="0" archive="1" hidden="0" suppress="0"/><Filters/></File>
	<File clsid="{50BE44C8-567A-4ed1-B1D0-9234FE1F38AF}" name="teams.jpg" status="teams.jpg" image="0" changed="2020-08-12 17:16:39" uid="{6A76E6FD-6A7D-4B90-B245-19523A96CC5E}" bypassErrors="1"><Properties action="C" fromPath="C:\temp\Branding\wallpaper.jpg" targetPath="%appdata%\Microsoft\Teams\Backgrounds\Uploads\teams.jpg" readOnly="0" archive="1" hidden="0"/><Filters><FilterRunOnce hidden="1" not="0" bool="AND" id="{E6185A62-507D-4F75-AD4B-0E9C59B2288C}"/>
		</Filters></File>
	<File clsid="{50BE44C8-567A-4ed1-B1D0-9234FE1F38AF}" name="teams.jpg" status="teams.jpg" image="2" changed="2020-08-12 17:17:21" uid="{06FF2820-D8EC-4732-BEBA-14F42B61BCCD}" bypassErrors="1"><Properties action="U" fromPath="C:\temp\Branding\wallpaper.jpg" targetPath="%appdata%\Microsoft\Teams\Backgrounds\Uploads\teams.jpg" readOnly="0" archive="1" hidden="0" suppress="0"/><Filters/></File>
	<File clsid="{50BE44C8-567A-4ed1-B1D0-9234FE1F38AF}" name="teams.jpg" status="teams.jpg" image="1" changed="2020-08-12 17:17:28" uid="{A9345B58-9182-415B-815D-BD32460565B9}" bypassErrors="1"><Properties action="R" fromPath="C:\temp\Branding\wallpaper.jpg" targetPath="%appdata%\Microsoft\Teams\Backgrounds\Uploads\teams.jpg" readOnly="0" archive="1" hidden="0" suppress="0"/><Filters/></File>
</Files>
