<BackupInst xmlns="http://www.microsoft.com/GroupPolicy/GPOOperations/Manifest"><GPOGuid><![CDATA[{E7C0A668-228F-4D38-921E-A13D1C1821C3}]]></GPOGuid><GPODomain><![CDATA[sos.lan]]></GPODomain><GPODomainGuid><![CDATA[{89a6e0cf-7bb3-4c97-9bd9-ed7bd5d40b36}]]></GPODomainGuid><GPODomainController><![CDATA[SOSDC1.sos.lan]]></GPODomainController><BackupTime><![CDATA[2021-08-23T19:30:47]]></BackupTime><ID><![CDATA[{AA03890D-A0E7-45DB-B754-2C2D083ED656}]]></ID><Comment><![CDATA[]]></Comment><GPODisplayName><![CDATA[NSACyber - BitLocker]]></GPODisplayName></BackupInst>
