<Backups xmlns="http://www.microsoft.com/GroupPolicy/GPOOperations/Manifest" xmlns:mfst="http://www.microsoft.com/GroupPolicy/GPOOperations/Manifest" mfst:version="1.0"><BackupInst><GPOGuid><![CDATA[{17D55D73-CB84-48E2-B863-3E8E7175D402}]]></GPOGuid><GPODomain><![CDATA[sos.lan]]></GPODomain><GPODomainGuid><![CDATA[{89a6e0cf-7bb3-4c97-9bd9-ed7bd5d40b36}]]></GPODomainGuid><GPODomainController><![CDATA[SOSDC1.sos.lan]]></GPODomainController><BackupTime><![CDATA[2021-09-27T22:43:27]]></BackupTime><ID><![CDATA[{557B2D64-5BB6-43F2-B459-B3C14D34A664}]]></ID><Comment><![CDATA[]]></Comment><GPODisplayName><![CDATA[DoD - Horizon Client]]></GPODisplayName></BackupInst></Backups>