<BackupInst xmlns="http://www.microsoft.com/GroupPolicy/GPOOperations/Manifest"><GPOGuid><![CDATA[{899D4829-C89D-466B-9B5C-F0D9F8F9A833}]]></GPOGuid><GPODomain><![CDATA[sos.lan]]></GPODomain><GPODomainGuid><![CDATA[{89a6e0cf-7bb3-4c97-9bd9-ed7bd5d40b36}]]></GPODomainGuid><GPODomainController><![CDATA[SOSDC1.sos.lan]]></GPODomainController><BackupTime><![CDATA[2021-08-23T19:30:40]]></BackupTime><ID><![CDATA[{C3EAA9C5-B19B-4EC8-8D71-57BDE210429E}]]></ID><Comment><![CDATA[]]></Comment><GPODisplayName><![CDATA[DoD - Skype for Business 2016]]></GPODisplayName></BackupInst>
