<Backups xmlns="http://www.microsoft.com/GroupPolicy/GPOOperations/Manifest" xmlns:mfst="http://www.microsoft.com/GroupPolicy/GPOOperations/Manifest" mfst:version="1.0"><BackupInst><GPOGuid><![CDATA[{DAFA1FCB-A205-4A07-B997-E1D404FC83A6}]]></GPOGuid><GPODomain><![CDATA[soc.lan]]></GPODomain><GPODomainGuid><![CDATA[{b817496b-720f-4d46-b41a-dea295bd0a30}]]></GPODomainGuid><GPODomainController><![CDATA[dc1.soc.lan]]></GPODomainController><BackupTime><![CDATA[2022-07-15T21:43:23]]></BackupTime><ID><![CDATA[{E789BABB-ED85-4F31-8014-138B799CA521}]]></ID><Comment><![CDATA[]]></Comment><GPODisplayName><![CDATA[SOS - OneDrive]]></GPODisplayName></BackupInst></Backups>