<BackupInst xmlns="http://www.microsoft.com/GroupPolicy/GPOOperations/Manifest"><GPOGuid><![CDATA[{AE17F0D2-F79E-4D8C-9A9C-608E1E181F05}]]></GPOGuid><GPODomain><![CDATA[soc.lan]]></GPODomain><GPODomainGuid><![CDATA[{b817496b-720f-4d46-b41a-dea295bd0a30}]]></GPODomainGuid><GPODomainController><![CDATA[dc1.soc.lan]]></GPODomainController><BackupTime><![CDATA[2022-07-15T21:43:19]]></BackupTime><ID><![CDATA[{A25B4A97-8B31-43CC-B54C-BACDAF1D7331}]]></ID><Comment><![CDATA[]]></Comment><GPODisplayName><![CDATA[DoD - Addendum to Imported GPOs]]></GPODisplayName></BackupInst>
