<Backups xmlns="http://www.microsoft.com/GroupPolicy/GPOOperations/Manifest" xmlns:mfst="http://www.microsoft.com/GroupPolicy/GPOOperations/Manifest" mfst:version="1.0"><BackupInst><GPOGuid><![CDATA[{77881652-A5AA-4CDA-A016-FDBDEB7ECBCB}]]></GPOGuid><GPODomain><![CDATA[sos.lan]]></GPODomain><GPODomainGuid><![CDATA[{89a6e0cf-7bb3-4c97-9bd9-ed7bd5d40b36}]]></GPODomainGuid><GPODomainController><![CDATA[SOSDC1.sos.lan]]></GPODomainController><BackupTime><![CDATA[2021-08-23T19:30:39]]></BackupTime><ID><![CDATA[{B65FC7C1-404A-4C8C-A670-9032AFEE8D59}]]></ID><Comment><![CDATA[]]></Comment><GPODisplayName><![CDATA[DoD - Excel 2016]]></GPODisplayName></BackupInst></Backups>