<Backups xmlns="http://www.microsoft.com/GroupPolicy/GPOOperations/Manifest" xmlns:mfst="http://www.microsoft.com/GroupPolicy/GPOOperations/Manifest" mfst:version="1.0"><BackupInst><GPOGuid><![CDATA[{8220A240-87C2-4362-9B7A-5EDF310A1470}]]></GPOGuid><GPODomain><![CDATA[sos.lan]]></GPODomain><GPODomainGuid><![CDATA[{89a6e0cf-7bb3-4c97-9bd9-ed7bd5d40b36}]]></GPODomainGuid><GPODomainController><![CDATA[SOSDC1.sos.lan]]></GPODomainController><BackupTime><![CDATA[2021-08-23T20:59:19]]></BackupTime><ID><![CDATA[{A0D4723D-3976-4FB0-8C33-C90C3B2CE3B1}]]></ID><Comment><![CDATA[]]></Comment><GPODisplayName><![CDATA[DoD - Google Chrome]]></GPODisplayName></BackupInst></Backups>