<Backups xmlns="http://www.microsoft.com/GroupPolicy/GPOOperations/Manifest" xmlns:mfst="http://www.microsoft.com/GroupPolicy/GPOOperations/Manifest" mfst:version="1.0"><BackupInst><GPOGuid><![CDATA[{47362D35-A796-4EA7-9BAC-73CB2D91006E}]]></GPOGuid><GPODomain><![CDATA[sos.lan]]></GPODomain><GPODomainGuid><![CDATA[{89a6e0cf-7bb3-4c97-9bd9-ed7bd5d40b36}]]></GPODomainGuid><GPODomainController><![CDATA[SOSDC1.sos.lan]]></GPODomainController><BackupTime><![CDATA[2021-08-23T19:30:19]]></BackupTime><ID><![CDATA[{0070819B-FDC7-42E2-A8FA-18A60245BFC0}]]></ID><Comment><![CDATA[]]></Comment><GPODisplayName><![CDATA[DoD - Project 2016]]></GPODisplayName></BackupInst></Backups>