<Backups xmlns="http://www.microsoft.com/GroupPolicy/GPOOperations/Manifest" xmlns:mfst="http://www.microsoft.com/GroupPolicy/GPOOperations/Manifest" mfst:version="1.0"><BackupInst><GPOGuid><![CDATA[{5B58874C-D5FF-4228-ADBA-B2F6F688C3FE}]]></GPOGuid><GPODomain><![CDATA[sos.lan]]></GPODomain><GPODomainGuid><![CDATA[{89a6e0cf-7bb3-4c97-9bd9-ed7bd5d40b36}]]></GPODomainGuid><GPODomainController><![CDATA[SOSDC1.sos.lan]]></GPODomainController><BackupTime><![CDATA[2021-08-23T19:30:35]]></BackupTime><ID><![CDATA[{B54951AE-FD55-4327-87EE-6249AFFA48B8}]]></ID><Comment><![CDATA[]]></Comment><GPODisplayName><![CDATA[SOS - ActiveClient]]></GPODisplayName></BackupInst></Backups>