<Backups xmlns="http://www.microsoft.com/GroupPolicy/GPOOperations/Manifest" xmlns:mfst="http://www.microsoft.com/GroupPolicy/GPOOperations/Manifest" mfst:version="1.0"><BackupInst><GPOGuid><![CDATA[{92FBBAAB-CA71-45CB-B21F-C16041305C34}]]></GPOGuid><GPODomain><![CDATA[soc.lan]]></GPODomain><GPODomainGuid><![CDATA[{b817496b-720f-4d46-b41a-dea295bd0a30}]]></GPODomainGuid><GPODomainController><![CDATA[dc1.soc.lan]]></GPODomainController><BackupTime><![CDATA[2022-07-15T21:43:17]]></BackupTime><ID><![CDATA[{BBD6A609-ABEB-4397-996F-227019510AD6}]]></ID><Comment><![CDATA[]]></Comment><GPODisplayName><![CDATA[SOS - Browser Configurations - Minimal]]></GPODisplayName></BackupInst></Backups>