<Backups xmlns="http://www.microsoft.com/GroupPolicy/GPOOperations/Manifest" xmlns:mfst="http://www.microsoft.com/GroupPolicy/GPOOperations/Manifest" mfst:version="1.0"><BackupInst><GPOGuid><![CDATA[{D7D04658-B802-4A36-B828-EAAF45709490}]]></GPOGuid><GPODomain><![CDATA[sos.lan]]></GPODomain><GPODomainGuid><![CDATA[{89a6e0cf-7bb3-4c97-9bd9-ed7bd5d40b36}]]></GPODomainGuid><GPODomainController><![CDATA[SOSDC1.sos.lan]]></GPODomainController><BackupTime><![CDATA[2021-08-23T19:30:46]]></BackupTime><ID><![CDATA[{62A70721-27A8-4279-BC27-B819E6F58131}]]></ID><Comment><![CDATA[]]></Comment><GPODisplayName><![CDATA[SOS - PowerShell]]></GPODisplayName></BackupInst></Backups>