<BackupInst xmlns="http://www.microsoft.com/GroupPolicy/GPOOperations/Manifest"><GPOGuid><![CDATA[{9F8F07FC-AAC5-4272-9ACD-DBDABC5E2A3E}]]></GPOGuid><GPODomain><![CDATA[soc.lan]]></GPODomain><GPODomainGuid><![CDATA[{b817496b-720f-4d46-b41a-dea295bd0a30}]]></GPODomainGuid><GPODomainController><![CDATA[dc1.soc.lan]]></GPODomainController><BackupTime><![CDATA[2022-07-15T21:43:18]]></BackupTime><ID><![CDATA[{9FAC973D-4597-4D3F-B55B-14214DE8360C}]]></ID><Comment><![CDATA[]]></Comment><GPODisplayName><![CDATA[DoD - Skype for Business 2016]]></GPODisplayName></BackupInst>
