<Backups xmlns="http://www.microsoft.com/GroupPolicy/GPOOperations/Manifest" xmlns:mfst="http://www.microsoft.com/GroupPolicy/GPOOperations/Manifest" mfst:version="1.0"><BackupInst><GPOGuid><![CDATA[{3B7A8FD3-2CAD-488D-96B6-2A0CE1C912FD}]]></GPOGuid><GPODomain><![CDATA[sos.lan]]></GPODomain><GPODomainGuid><![CDATA[{89a6e0cf-7bb3-4c97-9bd9-ed7bd5d40b36}]]></GPODomainGuid><GPODomainController><![CDATA[SOSDC1.sos.lan]]></GPODomainController><BackupTime><![CDATA[2021-08-23T19:30:18]]></BackupTime><ID><![CDATA[{970AE301-19C6-4573-8390-9E7726C11492}]]></ID><Comment><![CDATA[]]></Comment><GPODisplayName><![CDATA[DoD - Publisher 2013]]></GPODisplayName></BackupInst></Backups>