<BackupInst xmlns="http://www.microsoft.com/GroupPolicy/GPOOperations/Manifest"><GPOGuid><![CDATA[{64607D23-007F-4990-9A78-6A5C46E5B03C}]]></GPOGuid><GPODomain><![CDATA[sos.lan]]></GPODomain><GPODomainGuid><![CDATA[{89a6e0cf-7bb3-4c97-9bd9-ed7bd5d40b36}]]></GPODomainGuid><GPODomainController><![CDATA[SOSDC1.sos.lan]]></GPODomainController><BackupTime><![CDATA[2021-08-23T19:30:36]]></BackupTime><ID><![CDATA[{BC082CC1-9C69-4B37-BC1D-9450D4F8C2D7}]]></ID><Comment><![CDATA[]]></Comment><GPODisplayName><![CDATA[DoD - Infopath 2013 - User]]></GPODisplayName></BackupInst>
