<Backups xmlns="http://www.microsoft.com/GroupPolicy/GPOOperations/Manifest" xmlns:mfst="http://www.microsoft.com/GroupPolicy/GPOOperations/Manifest" mfst:version="1.0"><BackupInst><GPOGuid><![CDATA[{299A9D3E-1337-40EB-8F99-0D1476EBB4E4}]]></GPOGuid><GPODomain><![CDATA[soc.lan]]></GPODomain><GPODomainGuid><![CDATA[{b817496b-720f-4d46-b41a-dea295bd0a30}]]></GPODomainGuid><GPODomainController><![CDATA[dc1.soc.lan]]></GPODomainController><BackupTime><![CDATA[2022-07-15T21:43:10]]></BackupTime><ID><![CDATA[{A03B691C-22CA-416B-847E-68C8109AD8B5}]]></ID><Comment><![CDATA[]]></Comment><GPODisplayName><![CDATA[SOS - EMET Configuration]]></GPODisplayName></BackupInst></Backups>