<Backups xmlns="http://www.microsoft.com/GroupPolicy/GPOOperations/Manifest" xmlns:mfst="http://www.microsoft.com/GroupPolicy/GPOOperations/Manifest" mfst:version="1.0"><BackupInst><GPOGuid><![CDATA[{77C48000-A385-427E-B744-8DA947140D54}]]></GPOGuid><GPODomain><![CDATA[sos.lan]]></GPODomain><GPODomainGuid><![CDATA[{89a6e0cf-7bb3-4c97-9bd9-ed7bd5d40b36}]]></GPODomainGuid><GPODomainController><![CDATA[SOSDC1.sos.lan]]></GPODomainController><BackupTime><![CDATA[2021-08-23T19:30:39]]></BackupTime><ID><![CDATA[{AEDF8BF3-7684-4A93-8DCF-9AE2F4194D1B}]]></ID><Comment><![CDATA[]]></Comment><GPODisplayName><![CDATA[DoD - Word 2016]]></GPODisplayName></BackupInst></Backups>