<Backups xmlns="http://www.microsoft.com/GroupPolicy/GPOOperations/Manifest" xmlns:mfst="http://www.microsoft.com/GroupPolicy/GPOOperations/Manifest" mfst:version="1.0"><BackupInst><GPOGuid><![CDATA[{D8AFCEBE-2712-4AA1-B77F-EEEC6BD7A9CA}]]></GPOGuid><GPODomain><![CDATA[soc.lan]]></GPODomain><GPODomainGuid><![CDATA[{b817496b-720f-4d46-b41a-dea295bd0a30}]]></GPODomainGuid><GPODomainController><![CDATA[dc1.soc.lan]]></GPODomainController><BackupTime><![CDATA[2022-07-15T21:43:23]]></BackupTime><ID><![CDATA[{2C3FC71B-6D02-4342-A231-6446F4038C96}]]></ID><Comment><![CDATA[]]></Comment><GPODisplayName><![CDATA[DoD - Banner]]></GPODisplayName></BackupInst></Backups>