<Backups xmlns="http://www.microsoft.com/GroupPolicy/GPOOperations/Manifest" xmlns:mfst="http://www.microsoft.com/GroupPolicy/GPOOperations/Manifest" mfst:version="1.0"><BackupInst><GPOGuid><![CDATA[{B5A94705-5896-4F0E-B63D-654753DFC23F}]]></GPOGuid><GPODomain><![CDATA[sos.lan]]></GPODomain><GPODomainGuid><![CDATA[{89a6e0cf-7bb3-4c97-9bd9-ed7bd5d40b36}]]></GPODomainGuid><GPODomainController><![CDATA[SOSDC1.sos.lan]]></GPODomainController><BackupTime><![CDATA[2021-08-23T19:30:44]]></BackupTime><ID><![CDATA[{3755074A-CF9A-4368-AAF9-522403DF7D30}]]></ID><Comment><![CDATA[]]></Comment><GPODisplayName><![CDATA[DoD - Banner]]></GPODisplayName></BackupInst></Backups>