<Backups xmlns="http://www.microsoft.com/GroupPolicy/GPOOperations/Manifest" xmlns:mfst="http://www.microsoft.com/GroupPolicy/GPOOperations/Manifest" mfst:version="1.0"><BackupInst><GPOGuid><![CDATA[{28FF400B-B912-42F6-817A-693810E1B6F8}]]></GPOGuid><GPODomain><![CDATA[sos.lan]]></GPODomain><GPODomainGuid><![CDATA[{89a6e0cf-7bb3-4c97-9bd9-ed7bd5d40b36}]]></GPODomainGuid><GPODomainController><![CDATA[SOSDC1.sos.lan]]></GPODomainController><BackupTime><![CDATA[2021-08-23T19:30:16]]></BackupTime><ID><![CDATA[{912BF31B-76E0-4413-842B-BB94DF92FBAD}]]></ID><Comment><![CDATA[]]></Comment><GPODisplayName><![CDATA[DoD - Lync 2013]]></GPODisplayName></BackupInst></Backups>