<Backups xmlns="http://www.microsoft.com/GroupPolicy/GPOOperations/Manifest" xmlns:mfst="http://www.microsoft.com/GroupPolicy/GPOOperations/Manifest" mfst:version="1.0"><BackupInst><GPOGuid><![CDATA[{42603CBA-3627-4819-90EB-E5A1BAF194F8}]]></GPOGuid><GPODomain><![CDATA[sos.lan]]></GPODomain><GPODomainGuid><![CDATA[{89a6e0cf-7bb3-4c97-9bd9-ed7bd5d40b36}]]></GPODomainGuid><GPODomainController><![CDATA[SOSDC1.sos.lan]]></GPODomainController><BackupTime><![CDATA[2021-08-23T19:30:19]]></BackupTime><ID><![CDATA[{BE44DC56-7E27-4192-A7C8-9CC5984A25A8}]]></ID><Comment><![CDATA[]]></Comment><GPODisplayName><![CDATA[DoD - PowerPoint 2016]]></GPODisplayName></BackupInst></Backups>