<Backups xmlns="http://www.microsoft.com/GroupPolicy/GPOOperations/Manifest" xmlns:mfst="http://www.microsoft.com/GroupPolicy/GPOOperations/Manifest" mfst:version="1.0"><BackupInst><GPOGuid><![CDATA[{27A973B0-9F56-4574-872B-C6A97D27DDDE}]]></GPOGuid><GPODomain><![CDATA[sos.lan]]></GPODomain><GPODomainGuid><![CDATA[{89a6e0cf-7bb3-4c97-9bd9-ed7bd5d40b36}]]></GPODomainGuid><GPODomainController><![CDATA[SOSDC1.sos.lan]]></GPODomainController><BackupTime><![CDATA[2021-08-23T19:30:15]]></BackupTime><ID><![CDATA[{FE49244A-6711-491F-8201-D5DE5EDBAB3F}]]></ID><Comment><![CDATA[]]></Comment><GPODisplayName><![CDATA[DoD - Infopath 2013 - Computer]]></GPODisplayName></BackupInst></Backups>