<BackupInst xmlns="http://www.microsoft.com/GroupPolicy/GPOOperations/Manifest"><GPOGuid><![CDATA[{00DCD56F-6569-4437-ABC2-185A0610699B}]]></GPOGuid><GPODomain><![CDATA[soc.lan]]></GPODomain><GPODomainGuid><![CDATA[{b817496b-720f-4d46-b41a-dea295bd0a30}]]></GPODomainGuid><GPODomainController><![CDATA[dc1.soc.lan]]></GPODomainController><BackupTime><![CDATA[2022-07-15T21:36:05]]></BackupTime><ID><![CDATA[{D3BE8828-AEB6-4842-A3D5-79249F88C860}]]></ID><Comment><![CDATA[]]></Comment><GPODisplayName><![CDATA[SOS - FireFox STIG]]></GPODisplayName></BackupInst>
