<BackupInst xmlns="http://www.microsoft.com/GroupPolicy/GPOOperations/Manifest"><GPOGuid><![CDATA[{424AE771-C892-4376-8EB6-B07369AD5BEC}]]></GPOGuid><GPODomain><![CDATA[sos.lan]]></GPODomain><GPODomainGuid><![CDATA[{89a6e0cf-7bb3-4c97-9bd9-ed7bd5d40b36}]]></GPODomainGuid><GPODomainController><![CDATA[SOSDC1.sos.lan]]></GPODomainController><BackupTime><![CDATA[2021-08-23T20:58:50]]></BackupTime><ID><![CDATA[{E92818EF-D62B-4E67-9CDF-4F182CE361DF}]]></ID><Comment><![CDATA[]]></Comment><GPODisplayName><![CDATA[SOS - Browser Configurations - Minimal]]></GPODisplayName></BackupInst>
