<BackupInst xmlns="http://www.microsoft.com/GroupPolicy/GPOOperations/Manifest"><GPOGuid><![CDATA[{4BC0284A-D0E9-43D3-ACDE-63184B9BECD4}]]></GPOGuid><GPODomain><![CDATA[soc.lan]]></GPODomain><GPODomainGuid><![CDATA[{b817496b-720f-4d46-b41a-dea295bd0a30}]]></GPODomainGuid><GPODomainController><![CDATA[dc1.soc.lan]]></GPODomainController><BackupTime><![CDATA[2022-07-15T21:43:13]]></BackupTime><ID><![CDATA[{487F880F-39CF-45FA-AC98-DAFCA6391823}]]></ID><Comment><![CDATA[]]></Comment><GPODisplayName><![CDATA[SOS - Browser Configurations]]></GPODisplayName></BackupInst>
