<BackupInst xmlns="http://www.microsoft.com/GroupPolicy/GPOOperations/Manifest"><GPOGuid><![CDATA[{8FE818B1-A318-4E3D-B7A3-79468B70EF74}]]></GPOGuid><GPODomain><![CDATA[soc.lan]]></GPODomain><GPODomainGuid><![CDATA[{b817496b-720f-4d46-b41a-dea295bd0a30}]]></GPODomainGuid><GPODomainController><![CDATA[dc1.soc.lan]]></GPODomainController><BackupTime><![CDATA[2022-07-15T21:43:16]]></BackupTime><ID><![CDATA[{7A19DF08-BD47-4B75-9C61-C5A28652955E}]]></ID><Comment><![CDATA[]]></Comment><GPODisplayName><![CDATA[DoD - Infopath 2013 - User]]></GPODisplayName></BackupInst>
