<BackupInst xmlns="http://www.microsoft.com/GroupPolicy/GPOOperations/Manifest"><GPOGuid><![CDATA[{55F123E4-81F0-412A-A010-ED898053EBB9}]]></GPOGuid><GPODomain><![CDATA[sos.lan]]></GPODomain><GPODomainGuid><![CDATA[{89a6e0cf-7bb3-4c97-9bd9-ed7bd5d40b36}]]></GPODomainGuid><GPODomainController><![CDATA[SOSDC1.sos.lan]]></GPODomainController><BackupTime><![CDATA[2021-08-23T19:30:20]]></BackupTime><ID><![CDATA[{8DDF198D-3B4D-4FC6-BADD-A9D809EC872A}]]></ID><Comment><![CDATA[]]></Comment><GPODisplayName><![CDATA[DoD - OneDrive for Business 2016 - User]]></GPODisplayName></BackupInst>
