<BackupInst xmlns="http://www.microsoft.com/GroupPolicy/GPOOperations/Manifest"><GPOGuid><![CDATA[{90E349B0-0D8B-43C9-B3BB-A3420F697822}]]></GPOGuid><GPODomain><![CDATA[sos.lan]]></GPODomain><GPODomainGuid><![CDATA[{89a6e0cf-7bb3-4c97-9bd9-ed7bd5d40b36}]]></GPODomainGuid><GPODomainController><![CDATA[SOSDC1.sos.lan]]></GPODomainController><BackupTime><![CDATA[2021-08-23T19:30:43]]></BackupTime><ID><![CDATA[{7B9E94BA-C169-46DD-B962-DE2B38CA0358}]]></ID><Comment><![CDATA[]]></Comment><GPODisplayName><![CDATA[DoD - Visio 2013]]></GPODisplayName></BackupInst>
