<Backups xmlns="http://www.microsoft.com/GroupPolicy/GPOOperations/Manifest" xmlns:mfst="http://www.microsoft.com/GroupPolicy/GPOOperations/Manifest" mfst:version="1.0"><BackupInst><GPOGuid><![CDATA[{E1EDA6A3-1E4A-4496-86FC-770988EF795F}]]></GPOGuid><GPODomain><![CDATA[soc.lan]]></GPODomain><GPODomainGuid><![CDATA[{b817496b-720f-4d46-b41a-dea295bd0a30}]]></GPODomainGuid><GPODomainController><![CDATA[dc1.soc.lan]]></GPODomainController><BackupTime><![CDATA[2022-07-15T21:43:24]]></BackupTime><ID><![CDATA[{68564B4C-9D3E-43AC-8FDD-C466E0E51A43}]]></ID><Comment><![CDATA[]]></Comment><GPODisplayName><![CDATA[DoD - PowerPoint 2016]]></GPODisplayName></BackupInst></Backups>