<Backups xmlns="http://www.microsoft.com/GroupPolicy/GPOOperations/Manifest" xmlns:mfst="http://www.microsoft.com/GroupPolicy/GPOOperations/Manifest" mfst:version="1.0"><BackupInst><GPOGuid><![CDATA[{D7CBB8A0-B66F-4A8C-AFF4-91C8A668E151}]]></GPOGuid><GPODomain><![CDATA[sos.lan]]></GPODomain><GPODomainGuid><![CDATA[{89a6e0cf-7bb3-4c97-9bd9-ed7bd5d40b36}]]></GPODomainGuid><GPODomainController><![CDATA[SOSDC1.sos.lan]]></GPODomainController><BackupTime><![CDATA[2021-08-23T19:30:46]]></BackupTime><ID><![CDATA[{928E479A-8AC1-4699-85B0-A2797F069E5A}]]></ID><Comment><![CDATA[]]></Comment><GPODisplayName><![CDATA[SOS - Update Management]]></GPODisplayName></BackupInst></Backups>