<BackupInst xmlns="http://www.microsoft.com/GroupPolicy/GPOOperations/Manifest"><GPOGuid><![CDATA[{5DCFCFA8-F7FA-4E30-B4EA-E3E511230CE9}]]></GPOGuid><GPODomain><![CDATA[sos.lan]]></GPODomain><GPODomainGuid><![CDATA[{89a6e0cf-7bb3-4c97-9bd9-ed7bd5d40b36}]]></GPODomainGuid><GPODomainController><![CDATA[SOSDC1.sos.lan]]></GPODomainController><BackupTime><![CDATA[2021-08-23T19:30:35]]></BackupTime><ID><![CDATA[{674E4C73-4902-4FF8-AF2A-90799387D3D2}]]></ID><Comment><![CDATA[]]></Comment><GPODisplayName><![CDATA[DoD - OneDrive for Business 2016 - Computer]]></GPODisplayName></BackupInst>
