<BackupInst xmlns="http://www.microsoft.com/GroupPolicy/GPOOperations/Manifest"><GPOGuid><![CDATA[{F6176994-26C8-4D61-9699-4A6DE6996532}]]></GPOGuid><GPODomain><![CDATA[soc.lan]]></GPODomain><GPODomainGuid><![CDATA[{b817496b-720f-4d46-b41a-dea295bd0a30}]]></GPODomainGuid><GPODomainController><![CDATA[dc1.soc.lan]]></GPODomainController><BackupTime><![CDATA[2022-07-15T21:43:25]]></BackupTime><ID><![CDATA[{8B550CAD-66C8-46B6-9852-AFD60ADB5625}]]></ID><Comment><![CDATA[]]></Comment><GPODisplayName><![CDATA[DoD - Windows Server 2016 MS - Computer - Ansible Fixes]]></GPODisplayName></BackupInst>
