<BackupInst xmlns="http://www.microsoft.com/GroupPolicy/GPOOperations/Manifest"><GPOGuid><![CDATA[{1BC15FC1-0D0F-4719-A18A-68E591DCCACA}]]></GPOGuid><GPODomain><![CDATA[soc.lan]]></GPODomain><GPODomainGuid><![CDATA[{b817496b-720f-4d46-b41a-dea295bd0a30}]]></GPODomainGuid><GPODomainController><![CDATA[dc1.soc.lan]]></GPODomainController><BackupTime><![CDATA[2022-07-15T21:43:09]]></BackupTime><ID><![CDATA[{E2D2EFA4-A5CB-4296-992F-B5C3FD6D9A6E}]]></ID><Comment><![CDATA[]]></Comment><GPODisplayName><![CDATA[DoD - Office 2013 System - User]]></GPODisplayName></BackupInst>
