<BackupInst xmlns="http://www.microsoft.com/GroupPolicy/GPOOperations/Manifest"><GPOGuid><![CDATA[{548686EA-13B0-4B57-B772-70848820FF48}]]></GPOGuid><GPODomain><![CDATA[soc.lan]]></GPODomain><GPODomainGuid><![CDATA[{b817496b-720f-4d46-b41a-dea295bd0a30}]]></GPODomainGuid><GPODomainController><![CDATA[dc1.soc.lan]]></GPODomainController><BackupTime><![CDATA[2022-07-15T21:43:14]]></BackupTime><ID><![CDATA[{829AF667-FE0F-4740-B308-64A33D81724B}]]></ID><Comment><![CDATA[]]></Comment><GPODisplayName><![CDATA[DoD - Infopath 2013 - Computer]]></GPODisplayName></BackupInst>
