<?xml version="1.0" encoding="utf-8"?><!-- Copyright (c) Microsoft Corporation.  All rights reserved. --><GroupPolicyBackupScheme bkp:version="2.0" bkp:type="GroupPolicyBackupTemplate" xmlns:bkp="http://www.microsoft.com/GroupPolicy/GPOOperations" xmlns="http://www.microsoft.com/GroupPolicy/GPOOperations">
    <GroupPolicyObject><SecurityGroups><Group bkp:Source="FromDACL"><Sid><![CDATA[S-1-5-21-1739921760-2815985248-4224546524-519]]></Sid><SamAccountName><![CDATA[Enterprise Admins]]></SamAccountName><Type><![CDATA[UniversalGroup]]></Type><NetBIOSDomainName><![CDATA[SOS]]></NetBIOSDomainName><DnsDomainName><![CDATA[sos.lan]]></DnsDomainName><UPN><![CDATA[Enterprise Admins@sos.lan]]></UPN></Group><Group bkp:Source="FromDACL"><Sid><![CDATA[S-1-5-21-1739921760-2815985248-4224546524-512]]></Sid><SamAccountName><![CDATA[Domain Admins]]></SamAccountName><Type><![CDATA[GlobalGroup]]></Type><NetBIOSDomainName><![CDATA[SOS]]></NetBIOSDomainName><DnsDomainName><![CDATA[sos.lan]]></DnsDomainName><UPN><![CDATA[Domain Admins@sos.lan]]></UPN></Group></SecurityGroups><FilePaths/><GroupPolicyCoreSettings><ID><![CDATA[{667C4AA7-9959-446C-81CD-84A666B09EB1}]]></ID><Domain><![CDATA[sos.lan]]></Domain><SecurityDescriptor>01 00 04 9c 00 00 00 00 00 00 00 00 00 00 00 00 14 00 00 00 04 00 ec 00 08 00 00 00 05 02 28 00 00 01 00 00 01 00 00 00 8f fd ac ed b3 ff d1 11 b4 1d 00 a0 c9 68 f9 39 01 01 00 00 00 00 00 05 0b 00 00 00 00 00 24 00 ff 00 0f 00 01 05 00 00 00 00 00 05 15 00 00 00 60 19 b5 67 60 86 d8 a7 dc 76 cd fb 00 02 00 00 00 02 24 00 ff 00 0f 00 01 05 00 00 00 00 00 05 15 00 00 00 60 19 b5 67 60 86 d8 a7 dc 76 cd fb 00 02 00 00 00 02 24 00 ff 00 0f 00 01 05 00 00 00 00 00 05 15 00 00 00 60 19 b5 67 60 86 d8 a7 dc 76 cd fb 07 02 00 00 00 02 14 00 94 00 02 00 01 01 00 00 00 00 00 05 09 00 00 00 00 02 14 00 94 00 02 00 01 01 00 00 00 00 00 05 0b 00 00 00 00 02 14 00 ff 00 0f 00 01 01 00 00 00 00 00 05 12 00 00 00 00 0a 14 00 ff 00 0f 00 01 01 00 00 00 00 00 03 00 00 00 00</SecurityDescriptor><DisplayName><![CDATA[DoD - Windows 10 - User]]></DisplayName><Options><![CDATA[2]]></Options><UserVersionNumber><![CDATA[196611]]></UserVersionNumber><MachineVersionNumber><![CDATA[196611]]></MachineVersionNumber><MachineExtensionGuids/><UserExtensionGuids><![CDATA[[{35378EAC-683F-11D2-A89A-00C04FBBCFA2}{D02B1F73-3407-48AE-BA88-E8213C6761F1}]]]></UserExtensionGuids><WMIFilter/></GroupPolicyCoreSettings> 
        <GroupPolicyExtension bkp:ID="{35378EAC-683F-11D2-A89A-00C04FBBCFA2}" bkp:DescName="Registry">
            <FSObjectFile bkp:Path="%GPO_MACH_FSPATH%\registry.pol" bkp:SourceExpandedPath="\\SOSDC1.sos.lan\sysvol\sos.lan\Policies\{667C4AA7-9959-446C-81CD-84A666B09EB1}\Machine\registry.pol" bkp:Location="DomainSysvol\GPO\Machine\registry.pol"/>
            <FSObjectFile bkp:Path="%GPO_USER_FSPATH%\registry.pol" bkp:SourceExpandedPath="\\SOSDC1.sos.lan\sysvol\sos.lan\Policies\{667C4AA7-9959-446C-81CD-84A666B09EB1}\User\registry.pol" bkp:Location="DomainSysvol\GPO\User\registry.pol"/>
            <FSObjectFile bkp:Path="%GPO_FSPATH%\Adm\*.*" bkp:SourceExpandedPath="\\SOSDC1.sos.lan\sysvol\sos.lan\Policies\{667C4AA7-9959-446C-81CD-84A666B09EB1}\Adm\*.*"/>
        </GroupPolicyExtension>
        
        
        
        
        
        
        
        
        
    <GroupPolicyExtension bkp:ID="{F15C46CD-82A0-4C2D-A210-5D0D3182A418}" bkp:DescName="Unknown Extension"><FSObjectFile bkp:Path="%GPO_FSPATH%\GPO.cmt" bkp:SourceExpandedPath="\\SOSDC1.sos.lan\sysvol\sos.lan\Policies\{667C4AA7-9959-446C-81CD-84A666B09EB1}\GPO.cmt" bkp:Location="DomainSysvol\GPO\GPO.cmt"/><FSObjectFile bkp:Path="%GPO_MACH_FSPATH%\comment.cmtx" bkp:SourceExpandedPath="\\SOSDC1.sos.lan\sysvol\sos.lan\Policies\{667C4AA7-9959-446C-81CD-84A666B09EB1}\Machine\comment.cmtx" bkp:Location="DomainSysvol\GPO\Machine\comment.cmtx"/><FSObjectDir bkp:Path="%GPO_MACH_FSPATH%\Preferences" bkp:SourceExpandedPath="\\SOSDC1.sos.lan\sysvol\sos.lan\Policies\{667C4AA7-9959-446C-81CD-84A666B09EB1}\Machine\Preferences" bkp:Location="DomainSysvol\GPO\Machine\Preferences"/><FSObjectDir bkp:Path="%GPO_MACH_FSPATH%\Preferences\Registry" bkp:SourceExpandedPath="\\SOSDC1.sos.lan\sysvol\sos.lan\Policies\{667C4AA7-9959-446C-81CD-84A666B09EB1}\Machine\Preferences\Registry" bkp:Location="DomainSysvol\GPO\Machine\Preferences\Registry"/><FSObjectDir bkp:Path="%GPO_MACH_FSPATH%\Scripts" bkp:SourceExpandedPath="\\SOSDC1.sos.lan\sysvol\sos.lan\Policies\{667C4AA7-9959-446C-81CD-84A666B09EB1}\Machine\Scripts" bkp:Location="DomainSysvol\GPO\Machine\Scripts"/><FSObjectDir bkp:Path="%GPO_MACH_FSPATH%\Scripts\Shutdown" bkp:SourceExpandedPath="\\SOSDC1.sos.lan\sysvol\sos.lan\Policies\{667C4AA7-9959-446C-81CD-84A666B09EB1}\Machine\Scripts\Shutdown" bkp:Location="DomainSysvol\GPO\Machine\Scripts\Shutdown"/><FSObjectDir bkp:Path="%GPO_MACH_FSPATH%\Scripts\Startup" bkp:SourceExpandedPath="\\SOSDC1.sos.lan\sysvol\sos.lan\Policies\{667C4AA7-9959-446C-81CD-84A666B09EB1}\Machine\Scripts\Startup" bkp:Location="DomainSysvol\GPO\Machine\Scripts\Startup"/><FSObjectDir bkp:Path="%GPO_USER_FSPATH%\Applications" bkp:SourceExpandedPath="\\SOSDC1.sos.lan\sysvol\sos.lan\Policies\{667C4AA7-9959-446C-81CD-84A666B09EB1}\User\Applications" bkp:Location="DomainSysvol\GPO\User\Applications"/><FSObjectFile bkp:Path="%GPO_USER_FSPATH%\comment.cmtx" bkp:SourceExpandedPath="\\SOSDC1.sos.lan\sysvol\sos.lan\Policies\{667C4AA7-9959-446C-81CD-84A666B09EB1}\User\comment.cmtx" bkp:Location="DomainSysvol\GPO\User\comment.cmtx"/><FSObjectDir bkp:Path="%GPO_USER_FSPATH%\Documents &amp; Settings" bkp:SourceExpandedPath="\\SOSDC1.sos.lan\sysvol\sos.lan\Policies\{667C4AA7-9959-446C-81CD-84A666B09EB1}\User\Documents &amp; Settings" bkp:Location="DomainSysvol\GPO\User\Documents &amp; Settings"/><FSObjectDir bkp:Path="%GPO_USER_FSPATH%\Scripts" bkp:SourceExpandedPath="\\SOSDC1.sos.lan\sysvol\sos.lan\Policies\{667C4AA7-9959-446C-81CD-84A666B09EB1}\User\Scripts" bkp:Location="DomainSysvol\GPO\User\Scripts"/><FSObjectDir bkp:Path="%GPO_USER_FSPATH%\Scripts\Logoff" bkp:SourceExpandedPath="\\SOSDC1.sos.lan\sysvol\sos.lan\Policies\{667C4AA7-9959-446C-81CD-84A666B09EB1}\User\Scripts\Logoff" bkp:Location="DomainSysvol\GPO\User\Scripts\Logoff"/><FSObjectDir bkp:Path="%GPO_USER_FSPATH%\Scripts\Logon" bkp:SourceExpandedPath="\\SOSDC1.sos.lan\sysvol\sos.lan\Policies\{667C4AA7-9959-446C-81CD-84A666B09EB1}\User\Scripts\Logon" bkp:Location="DomainSysvol\GPO\User\Scripts\Logon"/></GroupPolicyExtension></GroupPolicyObject>
</GroupPolicyBackupScheme>