<Backups xmlns="http://www.microsoft.com/GroupPolicy/GPOOperations/Manifest" xmlns:mfst="http://www.microsoft.com/GroupPolicy/GPOOperations/Manifest" mfst:version="1.0"><BackupInst><GPOGuid><![CDATA[{CC754EE8-3CE0-4122-9DFA-05D4DF76BF41}]]></GPOGuid><GPODomain><![CDATA[soc.lan]]></GPODomain><GPODomainGuid><![CDATA[{b817496b-720f-4d46-b41a-dea295bd0a30}]]></GPODomainGuid><GPODomainController><![CDATA[dc1.soc.lan]]></GPODomainController><BackupTime><![CDATA[2022-07-15T21:43:21]]></BackupTime><ID><![CDATA[{F03416FB-0E12-4090-B523-658FA8D6583D}]]></ID><Comment><![CDATA[]]></Comment><GPODisplayName><![CDATA[SOS - Smartcard Primary Credential]]></GPODisplayName></BackupInst></Backups>